{"S0": 1.0, "r": 0.05, "IV": {"0.08333333333333333": {"iv": [0.16520152348420222, 0.1592859989696469, 0.15427468943100503, 0.15070038442278538, 0.14896601097521625, 0.14900508531390755], "strikes": [0.9285714285714286, 0.9591836734693877, 0.9897959183673469, 1.0204081632653061, 1.0510204081632653, 1.0816326530612246]}, "0.16666666666666666": {"iv": [0.18011814811772758, 0.17373370820639247, 0.167622565755419, 0.16199045249044583, 0.15716884937618028, 0.15359257930617157, 0.1516148863556694, 0.1512496990269938, 0.15217432599109587, 0.15397195851637224], "strikes": [0.8673469387755102, 0.8979591836734694, 0.9285714285714286, 0.9591836734693877, 0.9897959183673469, 1.0204081632653061, 1.0510204081632653, 1.0816326530612246, 1.1122448979591837, 1.1428571428571428]}, "0.25": {"iv": [0.18812230067393634, 0.18185724653843627, 0.1757677722269371, 0.16996187766661708, 0.1646202772292653, 0.16001779562707932, 0.15649852864732897, 0.15434995938921547, 0.15362916152718903, 0.15412871717939883, 0.15551869389678943, 0.15749238543680222, 0.15982157186613155], "strikes": [0.8367346938775511, 0.8673469387755102, 0.8979591836734694, 0.9285714285714286, 0.9591836734693877, 0.9897959183673469, 1.0204081632653061, 1.0510204081632653, 1.0816326530612246, 1.1122448979591837, 1.1428571428571428, 1.1734693877551021, 1.2040816326530612]}, "0.5": {"iv": [0.20961265817358107, 0.20369880017964845, 0.19790049861034986, 0.19223770782398153, 0.18674537824000678, 0.1814794462506618, 0.17652385225831904, 0.17199584999117126, 0.16804414338429824, 0.16483108271335173, 0.16249423500774604, 0.16109897708499996, 0.16061114396629791, 0.1609108880765298, 0.16183557544338295, 0.16322226471660126, 0.16493198356457903, 0.166856824246994, 0.16891739306676407, 0.17105690178167499], "strikes": [0.7448979591836735, 0.7755102040816326, 0.8061224489795918, 0.8367346938775511, 0.8673469387755102, 0.8979591836734694, 0.9285714285714286, 0.9591836734693877, 0.9897959183673469, 1.0204081632653061, 1.0510204081632653, 1.0816326530612246, 1.1122448979591837, 1.1428571428571428, 1.1734693877551021, 1.2040816326530612, 1.2346938775510203, 1.2653061224489797, 1.2959183673469388, 1.3265306122448979]}, "0.75": {"iv": [0.22270536828506882, 0.21708454962954535, 0.2115985892907502, 0.2062528836772742, 0.20105994464964674, 0.19604070677477295, 0.19122646637883609, 0.1866609002907623, 0.18240112220548674, 0.17851729980116457, 0.17508865309463598, 0.17219497706910553, 0.1699033908335636, 0.16825343060021064, 0.16724631378455584, 0.1668433352155757, 0.16697469687379993, 0.16755375672067638, 0.16849102818415493, 0.16970412344159339, 0.17112243914536798, 0.17268849373932713, 0.17435714268438016, 0.17609340842365215, 0.17787072325346517, 0.179669371716003], "strikes": [0.6836734693877551, 0.7142857142857143, 0.7448979591836735, 0.7755102040816326, 0.8061224489795918, 0.8367346938775511, 0.8673469387755102, 0.8979591836734694, 0.9285714285714286, 0.9591836734693877, 0.9897959183673469, 1.0204081632653061, 1.0510204081632653, 1.0816326530612246, 1.1122448979591837, 1.1428571428571428, 1.1734693877551021, 1.2040816326530612, 1.2346938775510203, 1.2653061224489797, 1.2959183673469388, 1.3265306122448979, 1.3571428571428572, 1.3877551020408163, 1.4183673469387754, 1.4489795918367347]}, "1.0": {"iv": [0.2344250398859483, 0.22895924536593637, 0.22365110461907126, 0.218498558299327, 0.21350303623331526, 0.2086712052563795, 0.20401453952299123, 0.19955059028922556, 0.19530290361995026, 0.19130172442511756, 0.18758317805015617, 0.18418835868933822, 0.18116045496641991, 0.17854082341040373, 0.17636378438978878, 0.1746509519796617, 0.1734071158383157, 0.17261844581853247, 0.1722539849554218, 0.1722700871736163, 0.17261587718608587, 0.17323851817562638, 0.1740875194209604, 0.17511725910309478, 0.17628800763830968, 0.17756631197478584, 0.17892474181559515, 0.1803409484276597, 0.18179682663442576, 0.18327811390526286, 0.18477373505750574], "strikes": [0.6224489795918368, 0.653061224489796, 0.6836734693877551, 0.7142857142857143, 0.7448979591836735, 0.7755102040816326, 0.8061224489795918, 0.8367346938775511, 0.8673469387755102, 0.8979591836734694, 0.9285714285714286, 0.9591836734693877, 0.9897959183673469, 1.0204081632653061, 1.0510204081632653, 1.0816326530612246, 1.1122448979591837, 1.1428571428571428, 1.1734693877551021, 1.2040816326530612, 1.2346938775510203, 1.2653061224489797, 1.2959183673469388, 1.3265306122448979, 1.3571428571428572, 1.3877551020408163, 1.4183673469387754, 1.4489795918367347, 1.4795918367346939, 1.510204081632653, 1.5408163265306123]}, "1.5": {"iv": [0.24999205821428155, 0.24471116626191614, 0.23963455450365362, 0.23475053209304214, 0.23005056887767905, 0.22552937291288055, 0.22118451077503867, 0.21701653277101554, 0.21302832617365905, 0.20922570489872822, 0.20561645119096653, 0.20221069959789545, 0.19902026082211607, 0.19605801503330705, 0.19333750498257346, 0.19087176519408044, 0.18867228669045424, 0.1867480704381982, 0.18510440668867872, 0.183741974905747, 0.18265650453829918, 0.18183872269297055, 0.1812746831214745, 0.18094665743741936, 0.18083431229727903, 0.1809158033750759, 0.1811687604245012, 0.1815712393746329, 0.1821024925559253, 0.18274338056363457, 0.1834765057390551, 0.18428629838098945, 0.18515910486047407, 0.18608314469242845, 0.187048266978612, 0.1880456740471687, 0.18906778327312984, 0.190108217679139, 0.1911617220543454, 0.19222391443595208, 0.19329099875386063], "strikes": [0.5306122448979592, 0.5612244897959183, 0.5918367346938775, 0.6224489795918368, 0.653061224489796, 0.6836734693877551, 0.7142857142857143, 0.7448979591836735, 0.7755102040816326, 0.8061224489795918, 0.8367346938775511, 0.8673469387755102, 0.8979591836734694, 0.9285714285714286, 0.9591836734693877, 0.9897959183673469, 1.0204081632653061, 1.0510204081632653, 1.0816326530612246, 1.1122448979591837, 1.1428571428571428, 1.1734693877551021, 1.2040816326530612, 1.2346938775510203, 1.2653061224489797, 1.2959183673469388, 1.3265306122448979, 1.3571428571428572, 1.3877551020408163, 1.4183673469387754, 1.4489795918367347, 1.4795918367346939, 1.510204081632653, 1.5408163265306123, 1.5714285714285714, 1.6020408163265305, 1.6326530612244898, 1.663265306122449, 1.693877551020408, 1.7244897959183674, 1.7551020408163265]}, "2.0": {"iv": [0.25346526151856924, 0.24857940508356158, 0.24391764515804776, 0.23946467375849037, 0.23520891815475978, 0.23114148845241989, 0.22725574782344057, 0.22354758028326677, 0.22001416066632443, 0.21665466061742128, 0.21346943668110066, 0.21045981641438086, 0.20762821923026592, 0.20497752942500347, 0.20251083044428655, 0.2002313119225784, 0.198141775767522, 0.19624420588407088, 0.19453958945292324, 0.19302765661302324, 0.19170654626601996, 0.19057266592779695, 0.1896207480832727, 0.18884394180027747, 0.18823390890992694, 0.18778103651467495, 0.18747479001840606, 0.18730407740219424, 0.18725753006755483, 0.18732373598283586, 0.18749147510249484, 0.18774996190835483, 0.18808903055155796, 0.188499214497641, 0.18897174668058267, 0.1894985587656596, 0.19007230305581804, 0.190686387517252, 0.1913349532550414, 0.19201279861548962, 0.1927152775779257, 0.19343821289238458, 0.19417788709524278, 0.19493104103975037, 0.19569488286882647, 0.19646701088284094, 0.19724533209348294, 0.19802795171868598, 0.19881314644707057, 0.19959937419387275],