,IV_t(K),IV_{t+1}(K),S_t,S_{t+1},K,T,r
0,0.2173102576585986,0.22920593810821904,150,154.5,127.5,1,0.05
1,0.1887063742356999,0.20152773897468765,150,154.5,138.75,1,0.05
2,0.15846674318846624,0.1737826344074286,150,154.5,150.0,1,0.05
3,0.13658082910242939,0.1462397621736436,150,154.5,161.25,1,0.05
4,0.12681428379663198,0.12784275044799387,150,154.5,172.5,1,0.05
